{
"apiVersion": "V2",
"assemblies": [
{
  "files": [
    {
      "filePath": "assembly_data_report.jsonl",
      "fileType": "DATA_REPORT",
      "uncompressedLengthBytes": "2215"
    }
  ]
},{
  "accession": "GCF_000143535.2",
  "files": [
    {
      "filePath": "GCF_000143535.2/GCF_000143535.2_ASM14353v4_genomic.fna",
      "fileType": "GENOMIC_NUCLEOTIDE_FASTA",
      "uncompressedLengthBytes": "43164202"
    },
    {
      "filePath": "GCF_000143535.2/rna.fna",
      "fileType": "RNA_NUCLEOTIDE_FASTA",
      "uncompressedLengthBytes": "30812258"
    },
    {
      "filePath": "GCF_000143535.2/cds_from_genomic.fna",
      "fileType": "CDS_NUCLEOTIDE_FASTA",
      "uncompressedLengthBytes": "23794315"
    },
    {
      "filePath": "GCF_000143535.2/genomic.gff",
      "fileType": "GFF3",
      "uncompressedLengthBytes": "32572254"
    }
  ]
}]}
